YearMonth,TotalRevenue,TotalOrders,DistinctCustomers,AverageOrderValue
2024-01,41386,11,9,3762.3636363636365
2024-02,9615,4,4,2403.75
2024-03,7013.5,3,3,2337.8333333333335
2024-04,13525,6,4,2254.1666666666665
2024-05,31826,9,6,3536.222222222222
2024-06,13495.5,5,5,2699.1
2024-07,4005,2,2,2002.5
2024-08,14830,5,5,2966
2024-09,9597.5,7,7,1371.0714285714287
2024-10,32851,8,7,4106.375
